Mean,Median,Moda,Max,Min,Feathers
3.0540000000000003,3.0,3.0,4.4,2.0,sepal_width
5.843333333333334,5.8,5.0,7.9,4.3,sepal_length
1.1986666666666668,1.3,0.2,2.5,0.1,petal_width
3.758666666666666,4.35,5.0,6.9,2.0,petal_length
